Year,Region,Sex,Age Group,Ethnic Group,Measure,Value,Flags
2018,Northland Region,Total Both Sexes,15 to 19,Total Ethnic Groups,Average Weekly Earnings,488,
2018,Northland Region,Total Both Sexes,15 to 19,Total Ethnic Groups,Median Weekly Earnings,495,
2018,Auckland Region,Total Both Sexes,15 to 19,Total Ethnic Groups,Average Weekly Earnings,331,
2018,Auckland Region,Total Both Sexes,15 to 19,Total Ethnic Groups,Median Weekly Earnings,248,
2018,Waikato Region,Total Both Sexes,15 to 19,Total Ethnic Groups,Average Weekly Earnings,407,
2018,Waikato Region,Total Both Sexes,15 to 19,Total Ethnic Groups,Median Weekly Earnings,278,
2018,Bay of Plenty Region,Total Both Sexes,15 to 19,Total Ethnic Groups,Average Weekly Earnings,353,
2018,Bay of Plenty Region,Total Both Sexes,15 to 19,Total Ethnic Groups,Median Weekly Earnings,264,
2018,Gisborne/Hawkes Bay Regions,Total Both Sexes,15 to 19,Total Ethnic Groups,Average Weekly Earnings,420,
2018,Gisborne/Hawkes Bay Regions,Total Both Sexes,15 to 19,Total Ethnic Groups,Median Weekly Earnings,312,
2018,Taranaki Region,Total Both Sexes,15 to 19,Total Ethnic Groups,Average Weekly Earnings,461,
2018,Taranaki Region,Total Both Sexes,15 to 19,Total Ethnic Groups,Median Weekly Earnings,302,
2018,Manawatu-Wanganui Region,Total Both Sexes,15 to 19,Total Ethnic Groups,Average Weekly Earnings,336,
2018,Manawatu-Wanganui Region,Total Both Sexes,15 to 19,Total Ethnic Groups,Median Weekly Earnings,248,
2018,Wellington Region,Total Both Sexes,15 to 19,Total Ethnic Groups,Average Weekly Earnings,391,
2018,Wellington Region,Total Both Sexes,15 to 19,Total Ethnic Groups,Median Weekly Earnings,306,
2018,Nelson/Tasman/Marlborough/West Coast Regions,Total Both Sexes,15 to 19,Total Ethnic Groups,Average Weekly Earnings,447,
2018,Nelson/Tasman/Marlborough/West Coast Regions,Total Both Sexes,15 to 19,Total Ethnic Groups,Median Weekly Earnings,363,
2018,Canterbury Region,Total Both Sexes,15 to 19,Total Ethnic Groups,Average Weekly Earnings,357,
2018,Canterbury Region,Total Both Sexes,15 to 19,Total Ethnic Groups,Median Weekly Earnings,264,
2018,Otago Region,Total Both Sexes,15 to 19,Total Ethnic Groups,Average Weekly Earnings,345,
2018,Otago Region,Total Both Sexes,15 to 19,Total Ethnic Groups,Median Weekly Earnings,208,
2018,Southland Region,Total Both Sexes,15 to 19,Total Ethnic Groups,Average Weekly Earnings,424,
2018,Southland Region,Total Both Sexes,15 to 19,Total Ethnic Groups,Median Weekly Earnings,330,
2018,Northland Region,Total Both Sexes,20 to 24,Total Ethnic Groups,Average Weekly Earnings,828,
2018,Northland Region,Total Both Sexes,20 to 24,Total Ethnic Groups,Median Weekly Earnings,878,
2018,Auckland Region,Total Both Sexes,20 to 24,Total Ethnic Groups,Average Weekly Earnings,786,
2018,Auckland Region,Total Both Sexes,20 to 24,Total Ethnic Groups,Median Weekly Earnings,786,
2018,Waikato Region,Total Both Sexes,20 to 24,Total Ethnic Groups,Average Weekly Earnings,783,
2018,Waikato Region,Total Both Sexes,20 to 24,Total Ethnic Groups,Median Weekly Earnings,800,
2018,Bay of Plenty Region,Total Both Sexes,20 to 24,Total Ethnic Groups,Average Weekly Earnings,775,
2018,Bay of Plenty Region,Total Both Sexes,20 to 24,Total Ethnic Groups,Median Weekly Earnings,750,
2018,Gisborne/Hawkes Bay Regions,Total Both Sexes,20 to 24,Total Ethnic Groups,Average Weekly Earnings,725,
2018,Gisborne/Hawkes Bay Regions,Total Both Sexes,20 to 24,Total Ethnic Groups,Median Weekly Earnings,747,
2018,Taranaki Region,Total Both Sexes,20 to 24,Total Ethnic Groups,Average Weekly Earnings,857,
2018,Taranaki Region,Total Both Sexes,20 to 24,Total Ethnic Groups,Median Weekly Earnings,750,
2018,Manawatu-Wanganui Region,Total Both Sexes,20 to 24,Total Ethnic Groups,Average Weekly Earnings,780,
2018,Manawatu-Wanganui Region,Total Both Sexes,20 to 24,Total Ethnic Groups,Median Weekly Earnings,748,
2018,Wellington Region,Total Both Sexes,20 to 24,Total Ethnic Groups,Average Weekly Earnings,717,
2018,Wellington Region,Total Both Sexes,20 to 24,Total Ethnic Groups,Median Weekly Earnings,780,
2018,Nelson/Tasman/Marlborough/West Coast Regions,Total Both Sexes,20 to 24,Total Ethnic Groups,Average Weekly Earnings,839,
2018,Nelson/Tasman/Marlborough/West Coast Regions,Total Both Sexes,20 to 24,Total Ethnic Groups,Median Weekly Earnings,800,
2018,Canterbury Region,Total Both Sexes,20 to 24,Total Ethnic Groups,Average Weekly Earnings,706,
2018,Canterbury Region,Total Both Sexes,20 to 24,Total Ethnic Groups,Median Weekly Earnings,680,
2018,Otago Region,Total Both Sexes,20 to 24,Total Ethnic Groups,Average Weekly Earnings,658,
2018,Otago Region,Total Both Sexes,20 to 24,Total Ethnic Groups,Median Weekly Earnings,649,
2018,Southland Region,Total Both Sexes,20 to 24,Total Ethnic Groups,Average Weekly Earnings,871,
2018,Southland Region,Total Both Sexes,20 to 24,Total Ethnic Groups,Median Weekly Earnings,782,
2018,Northland Region,Total Both Sexes,25 to 29,Total Ethnic Groups,Average Weekly Earnings,1102,
2018,Northland Region,Total Both Sexes,25 to 29,Total Ethnic Groups,Median Weekly Earnings,1055,
2018,Auckland Region,Total Both Sexes,25 to 29,Total Ethnic Groups,Average Weekly Earnings,1049,
2018,Auckland Region,Total Both Sexes,25 to 29,Total Ethnic Groups,Median Weekly Earnings,960,
2018,Waikato Region,Total Both Sexes,25 to 29,Total Ethnic Groups,Average Weekly Earnings,1050,
2018,Waikato Region,Total Both Sexes,25 to 29,Total Ethnic Groups,Median Weekly Earnings,959,
2018,Bay of Plenty Region,Total Both Sexes,25 to 29,Total Ethnic Groups,Average Weekly Earnings,910,
2018,Bay of Plenty Region,Total Both Sexes,25 to 29,Total Ethnic Groups,Median Weekly Earnings,860,
2018,Gisborne/Hawkes Bay Regions,Total Both Sexes,25 to 29,Total Ethnic Groups,Average Weekly Earnings,960,
2018,Gisborne/Hawkes Bay Regions,Total Both Sexes,25 to 29,Total Ethnic Groups,Median Weekly Earnings,900,
2018,Taranaki Region,Total Both Sexes,25 to 29,Total Ethnic Groups,Average Weekly Earnings,777,
2018,Taranaki Region,Total Both Sexes,25 to 29,Total Ethnic Groups,Median Weekly Earnings,761,
2018,Manawatu-Wanganui Region,Total Both Sexes,25 to 29,Total Ethnic Groups,Average Weekly Earnings,973,
2018,Manawatu-Wanganui Region,Total Both Sexes,25 to 29,Total Ethnic Groups,Median Weekly Earnings,978,
2018,Wellington Region,Total Both Sexes,25 to 29,Total Ethnic Groups,Average Weekly Earnings,1067,
2018,Wellington Region,Total Both Sexes,25 to 29,Total Ethnic Groups,Median Weekly Earnings,1034,
2018,Nelson/Tasman/Marlborough/West Coast Regions,Total Both Sexes,25 to 29,Total Ethnic Groups,Average Weekly Earnings,960,
2018,Nelson/Tasman/Marlborough/West Coast Regions,Total Both Sexes,25 to 29,Total Ethnic Groups,Median Weekly Earnings,880,
2018,Canterbury Region,Total Both Sexes,25 to 29,Total Ethnic Groups,Average Weekly Earnings,1069,
2018,Canterbury Region,Total Both Sexes,25 to 29,Total Ethnic Groups,Median Weekly Earnings,1040,
2018,Otago Region,Total Both Sexes,25 to 29,Total Ethnic Groups,Average Weekly Earnings,1025,
2018,Otago Region,Total Both Sexes,25 to 29,Total Ethnic Groups,Median Weekly Earnings,920,
2018,Southland Region,Total Both Sexes,25 to 29,Total Ethnic Groups,Average Weekly Earnings,875,
2018,Southland Region,Total Both Sexes,25 to 29,Total Ethnic Groups,Median Weekly Earnings,840,
2018,Northland Region,Total Both Sexes,30 to 34,Total Ethnic Groups,Average Weekly Earnings,1052,
2018,Northland Region,Total Both Sexes,30 to 34,Total Ethnic Groups,Median Weekly Earnings,972,
2018,Auckland Region,Total Both Sexes,30 to 34,Total Ethnic Groups,Average Weekly Earnings,1255,
2018,Auckland Region,Total Both Sexes,30 to 34,Total Ethnic Groups,Median Weekly Earnings,1114,
2018,Waikato Region,Total Both Sexes,30 to 34,Total Ethnic Groups,Average Weekly Earnings,1073,
2018,Waikato Region,Total Both Sexes,30 to 34,Total Ethnic Groups,Median Weekly Earnings,1000,
2018,Bay of Plenty Region,Total Both Sexes,30 to 34,Total Ethnic Groups,Average Weekly Earnings,1272,
2018,Bay of Plenty Region,Total Both Sexes,30 to 34,Total Ethnic Groups,Median Weekly Earnings,1004,
2018,Gisborne/Hawkes Bay Regions,Total Both Sexes,30 to 34,Total Ethnic Groups,Average Weekly Earnings,1037,
2018,Gisborne/Hawkes Bay Regions,Total Both Sexes,30 to 34,Total Ethnic Groups,Median Weekly Earnings,1124,
2018,Taranaki Region,Total Both Sexes,30 to 34,Total Ethnic Groups,Average Weekly Earnings,1163,
2018,Taranaki Region,Total Both Sexes,30 to 34,Total Ethnic Groups,Median Weekly Earnings,1087,
2018,Manawatu-Wanganui Region,Total Both Sexes,30 to 34,Total Ethnic Groups,Average Weekly Earnings,906,
2018,Manawatu-Wanganui Region,Total Both Sexes,30 to 34,Total Ethnic Groups,Median Weekly Earnings,874,
2018,Wellington Region,Total Both Sexes,30 to 34,Total Ethnic Groups,Average Weekly Earnings,1352,
2018,Wellington Region,Total Both Sexes,30 to 34,Total Ethnic Groups,Median Weekly Earnings,1151,
2018,Nelson/Tasman/Marlborough/West Coast Regions,Total Both Sexes,30 to 34,Total Ethnic Groups,Average Weekly Earnings,979,
2018,Nelson/Tasman/Marlborough/West Coast Regions,Total Both Sexes,30 to 34,Total Ethnic Groups,Median Weekly Earnings,920,
2018,Canterbury Region,Total Both Sexes,30 to 34,Total Ethnic Groups,Average Weekly Earnings,1063,
2018,Canterbury Region,Total Both Sexes,30 to 34,Total Ethnic Groups,Median Weekly Earnings,1025,
2018,Otago Region,Total Both Sexes,30 to 34,Total Ethnic Groups,Average Weekly Earnings,1099,
2018,Otago Region,Total Both Sexes,30 to 34,Total Ethnic Groups,Median Weekly Earnings,1014,
2018,Southland Region,Total Both Sexes,30 to 34,Total Ethnic Groups,Average Weekly Earnings,949,
2018,Southland Region,Total Both Sexes,30 to 34,Total Ethnic Groups,Median Weekly Earnings,882,
2018,Northland Region,Total Both Sexes,35 to 39,Total Ethnic Groups,Average Weekly Earnings,944,
2018,Northland Region,Total Both Sexes,35 to 39,Total Ethnic Groups,Median Weekly Earnings,850,
2018,Auckland Region,Total Both Sexes,35 to 39,Total Ethnic Groups,Average Weekly Earnings,1442,
2018,Auckland Region,Total Both Sexes,35 to 39,Total Ethnic Groups,Median Weekly Earnings,1204,
2018,Waikato Region,Total Both Sexes,35 to 39,Total Ethnic Groups,Average Weekly Earnings,1229,
2018,Waikato Region,Total Both Sexes,35 to 39,Total Ethnic Groups,Median Weekly Earnings,1101,
2018,Bay of Plenty Region,Total Both Sexes,35 to 39,Total Ethnic Groups,Average Weekly Earnings,1056,
2018,Bay of Plenty Region,Total Both Sexes,35 to 39,Total Ethnic Groups,Median Weekly Earnings,959,
2018,Gisborne/Hawkes Bay Regions,Total Both Sexes,35 to 39,Total Ethnic Groups,Average Weekly Earnings,968,
2018,Gisborne/Hawkes Bay Regions,Total Both Sexes,35 to 39,Total Ethnic Groups,Median Weekly Earnings,921,
2018,Taranaki Region,Total Both Sexes,35 to 39,Total Ethnic Groups,Average Weekly Earnings,1289,
2018,Taranaki Region,Total Both Sexes,35 to 39,Total Ethnic Groups,Median Weekly Earnings,1055,
2018,Manawatu-Wanganui Region,Total Both Sexes,35 to 39,Total Ethnic Groups,Average Weekly Earnings,995,
2018,Manawatu-Wanganui Region,Total Both Sexes,35 to 39,Total Ethnic Groups,Median Weekly Earnings,880,
2018,Wellington Region,Total Both Sexes,35 to 39,Total Ethnic Groups,Average Weekly Earnings,1540,
2018,Wellington Region,Total Both Sexes,35 to 39,Total Ethnic Groups,Median Weekly Earnings,1360,
2018,Nelson/Tasman/Marlborough/West Coast Regions,Total Both Sexes,35 to 39,Total Ethnic Groups,Average Weekly Earnings,1036,
2018,Nelson/Tasman/Marlborough/West Coast Regions,Total Both Sexes,35 to 39,Total Ethnic Groups,Median Weekly Earnings,938,
2018,Canterbury Region,Total Both Sexes,35 to 39,Total Ethnic Groups,Average Weekly Earnings,1123,
2018,Canterbury Region,Total Both Sexes,35 to 39,Total Ethnic Groups,Median Weekly Earnings,1055,
2018,Otago Region,Total Both Sexes,35 to 39,Total Ethnic Groups,Average Weekly Earnings,1161,
2018,Otago Region,Total Both Sexes,35 to 39,Total Ethnic Groups,Median Weekly Earnings,1151,
2018,Southland Region,Total Both Sexes,35 to 39,Total Ethnic Groups,Average Weekly Earnings,922,
2018,Southland Region,Total Both Sexes,35 to 39,Total Ethnic Groups,Median Weekly Earnings,863,
2018,Northland Region,Total Both Sexes,40 to 44,Total Ethnic Groups,Average Weekly Earnings,1030,
2018,Northland Region,Total Both Sexes,40 to 44,Total Ethnic Groups,Median Weekly Earnings,997,
2018,Auckland Region,Total Both Sexes,40 to 44,Total Ethnic Groups,Average Weekly Earnings,1464,
2018,Auckland Region,Total Both Sexes,40 to 44,Total Ethnic Groups,Median Weekly Earnings,1160,
2018,Waikato Region,Total Both Sexes,40 to 44,Total Ethnic Groups,Average Weekly Earnings,1313,
2018,Waikato Region,Total Both Sexes,40 to 44,Total Ethnic Groups,Median Weekly Earnings,1151,
2018,Bay of Plenty Region,Total Both Sexes,40 to 44,Total Ethnic Groups,Average Weekly Earnings,1225,
2018,Bay of Plenty Region,Total Both Sexes,40 to 44,Total Ethnic Groups,Median Weekly Earnings,1151,
2018,Gisborne/Hawkes Bay Regions,Total Both Sexes,40 to 44,Total Ethnic Groups,Average Weekly Earnings,1034,
2018,Gisborne/Hawkes Bay Regions,Total Both Sexes,40 to 44,Total Ethnic Groups,Median Weekly Earnings,997,
2018,Taranaki Region,Total Both Sexes,40 to 44,Total Ethnic Groups,Average Weekly Earnings,1081,
2018,Taranaki Region,Total Both Sexes,40 to 44,Total Ethnic Groups,Median Weekly Earnings,1027,
2018,Manawatu-Wanganui Region,Total Both Sexes,40 to 44,Total Ethnic Groups,Average Weekly Earnings,1191,
2018,Manawatu-Wanganui Region,Total Both Sexes,40 to 44,Total Ethnic Groups,Median Weekly Earnings,1000,
2018,Wellington Region,Total Both Sexes,40 to 44,Total Ethnic Groups,Average Weekly Earnings,1548,
2018,Wellington Region,Total Both Sexes,40 to 44,Total Ethnic Groups,Median Weekly Earnings,1381,
2018,Nelson/Tasman/Marlborough/West Coast Regions,Total Both Sexes,40 to 44,Total Ethnic Groups,Average Weekly Earnings,1220,
2018,Nelson/Tasman/Marlborough/West Coast Regions,Total Both Sexes,40 to 44,Total Ethnic Groups,Median Weekly Earnings,1055,
2018,Canterbury Region,Total Both Sexes,40 to 44,Total Ethnic Groups,Average Weekly Earnings,1248,
2018,Canterbury Region,Total Both Sexes,40 to 44,Total Ethnic Groups,Median Weekly Earnings,1151,
2018,Otago Region,Total Both Sexes,40 to 44,Total Ethnic Groups,Average Weekly Earnings,1262,
2018,Otago Region,Total Both Sexes,40 to 44,Total Ethnic Groups,Median Weekly Earnings,1132,
2018,Southland Region,Total Both Sexes,40 to 44,Total Ethnic Groups,Average Weekly Earnings,1063,
2018,Southland Region,Total Both Sexes,40 to 44,Total Ethnic Groups,Median Weekly Earnings,1124,
2018,Northland Region,Total Both Sexes,45 to 49,Total Ethnic Groups,Average Weekly Earnings,1154,
2018,Northland Region,Total Both Sexes,45 to 49,Total Ethnic Groups,Median Weekly Earnings,1000,
2018,Auckland Region,Total Both Sexes,45 to 49,Total Ethnic Groups,Average Weekly Earnings,1576,
2018,Auckland Region,Total Both Sexes,45 to 49,Total Ethnic Groups,Median Weekly Earnings,1247,
2018,Waikato Region,Total Both Sexes,45 to 49,Total Ethnic Groups,Average Weekly Earnings,1375,
2018,Waikato Region,Total Both Sexes,45 to 49,Total Ethnic Groups,Median Weekly Earnings,1192,
2018,Bay of Plenty Region,Total Both Sexes,45 to 49,Total Ethnic Groups,Average Weekly Earnings,1142,
2018,Bay of Plenty Region,Total Both Sexes,45 to 49,Total Ethnic Groups,Median Weekly Earnings,1036,
2018,Gisborne/Hawkes Bay Regions,Total Both Sexes,45 to 49,Total Ethnic Groups,Average Weekly Earnings,1216,
2018,Gisborne/Hawkes Bay Regions,Total Both Sexes,45 to 49,Total Ethnic Groups,Median Weekly Earnings,1103,
2018,Taranaki Region,Total Both Sexes,45 to 49,Total Ethnic Groups,Average Weekly Earnings,1281,
2018,Taranaki Region,Total Both Sexes,45 to 49,Total Ethnic Groups,Median Weekly Earnings,1055,
2018,Manawatu-Wanganui Region,Total Both Sexes,45 to 49,Total Ethnic Groups,Average Weekly Earnings,1141,
2018,Manawatu-Wanganui Region,Total Both Sexes,45 to 49,Total Ethnic Groups,Median Weekly Earnings,1015,
2018,Wellington Region,Total Both Sexes,45 to 49,Total Ethnic Groups,Average Weekly Earnings,1561,
2018,Wellington Region,Total Both Sexes,45 to 49,Total Ethnic Groups,Median Weekly Earnings,1343,
2018,Nelson/Tasman/Marlborough/West Coast Regions,Total Both Sexes,45 to 49,Total Ethnic Groups,Average Weekly Earnings,1152,
2018,Nelson/Tasman/Marlborough/West Coast Regions,Total Both Sexes,45 to 49,Total Ethnic Groups,Median Weekly Earnings,1055,
2018,Canterbury Region,Total Both Sexes,45 to 49,Total Ethnic Groups,Average Weekly Earnings,1622,
2018,Canterbury Region,Total Both Sexes,45 to 49,Total Ethnic Groups,Median Weekly Earnings,1151,
2018,Otago Region,Total Both Sexes,45 to 49,Total Ethnic Groups,Average Weekly Earnings,1160,
2018,Otago Region,Total Both Sexes,45 to 49,Total Ethnic Groups,Median Weekly Earnings,1005,
2018,Southland Region,Total Both Sexes,45 to 49,Total Ethnic Groups,Average Weekly Earnings,999,
2018,Southland Region,Total Both Sexes,45 to 49,Total Ethnic Groups,Median Weekly Earnings,997,
2018,Northland Region,Total Both Sexes,50 to 54,Total Ethnic Groups,Average Weekly Earnings,1672,
2018,Northland Region,Total Both Sexes,50 to 54,Total Ethnic Groups,Median Weekly Earnings,1343,
2018,Auckland Region,Total Both Sexes,50 to 54,Total Ethnic Groups,Average Weekly Earnings,1423,
2018,Auckland Region,Total Both Sexes,50 to 54,Total Ethnic Groups,Median Weekly Earnings,1132,
2018,Waikato Region,Total Both Sexes,50 to 54,Total Ethnic Groups,Average Weekly Earnings,1454,
2018,Waikato Region,Total Both Sexes,50 to 54,Total Ethnic Groups,Median Weekly Earnings,1151,
2018,Bay of Plenty Region,Total Both Sexes,50 to 54,Total Ethnic Groups,Average Weekly Earnings,1260,
2018,Bay of Plenty Region,Total Both Sexes,50 to 54,Total Ethnic Groups,Median Weekly Earnings,1124,
2018,Gisborne/Hawkes Bay Regions,Total Both Sexes,50 to 54,Total Ethnic Groups,Average Weekly Earnings,1302,
2018,Gisborne/Hawkes Bay Regions,Total Both Sexes,50 to 54,Total Ethnic Groups,Median Weekly Earnings,1037,
2018,Taranaki Region,Total Both Sexes,50 to 54,Total Ethnic Groups,Average Weekly Earnings,1226,
2018,Taranaki Region,Total Both Sexes,50 to 54,Total Ethnic Groups,Median Weekly Earnings,1207,
2018,Manawatu-Wanganui Region,Total Both Sexes,50 to 54,Total Ethnic Groups,Average Weekly Earnings,1137,
2018,Manawatu-Wanganui Region,Total Both Sexes,50 to 54,Total Ethnic Groups,Median Weekly Earnings,943,
2018,Wellington Region,Total Both Sexes,50 to 54,Total Ethnic Groups,Average Weekly Earnings,1564,
2018,Wellington Region,Total Both Sexes,50 to 54,Total Ethnic Groups,Median Weekly Earnings,1298,
2018,Nelson/Tasman/Marlborough/West Coast Regions,Total Both Sexes,50 to 54,Total Ethnic Groups,Average Weekly Earnings,1361,
2018,Nelson/Tasman/Marlborough/West Coast Regions,Total Both Sexes,50 to 54,Total Ethnic Groups,Median Weekly Earnings,1124,
2018,Canterbury Region,Total Both Sexes,50 to 54,Total Ethnic Groups,Average Weekly Earnings,1413,
2018,Canterbury Region,Total Both Sexes,50 to 54,Total Ethnic Groups,Median Weekly Earnings,1128,
2018,Otago Region,Total Both Sexes,50 to 54,Total Ethnic Groups,Average Weekly Earnings,1255,
2018,Otago Region,Total Both Sexes,50 to 54,Total Ethnic Groups,Median Weekly Earnings,961,
2018,Southland Region,Total Both Sexes,50 to 54,Total Ethnic Groups,Average Weekly Earnings,898,
2018,Southland Region,Total Both Sexes,50 to 54,Total Ethnic Groups,Median Weekly Earnings,959,
2018,Northland Region,Total Both Sexes,55 to 59,Total Ethnic Groups,Average Weekly Earnings,1152,
2018,Northland Region,Total Both Sexes,55 to 59,Total Ethnic Groups,Median Weekly Earnings,874,
2018,Auckland Region,Total Both Sexes,55 to 59,Total Ethnic Groups,Average Weekly Earnings,1483,
2018,Auckland Region,Total Both Sexes,55 to 59,Total Ethnic Groups,Median Weekly Earnings,1151,
2018,Waikato Region,Total Both Sexes,55 to 59,Total Ethnic Groups,Average Weekly Earnings,1068,
2018,Waikato Region,Total Both Sexes,55 to 59,Total Ethnic Groups,Median Weekly Earnings,959,
2018,Bay of Plenty Region,Total Both Sexes,55 to 59,Total Ethnic Groups,Average Weekly Earnings,1433,
2018,Bay of Plenty Region,Total Both Sexes,55 to 59,Total Ethnic Groups,Median Weekly Earnings,1109,
2018,Gisborne/Hawkes Bay Regions,Total Both Sexes,55 to 59,Total Ethnic Groups,Average Weekly Earnings,1231,
2018,Gisborne/Hawkes Bay Regions,Total Both Sexes,55 to 59,Total Ethnic Groups,Median Weekly Earnings,1055,
2018,Taranaki Region,Total Both Sexes,55 to 59,Total Ethnic Groups,Average Weekly Earnings,1431,
2018,Taranaki Region,Total Both Sexes,55 to 59,Total Ethnic Groups,Median Weekly Earnings,1207,
2018,Manawatu-Wanganui Region,Total Both Sexes,55 to 59,Total Ethnic Groups,Average Weekly Earnings,1121,
2018,Manawatu-Wanganui Region,Total Both Sexes,55 to 59,Total Ethnic Groups,Median Weekly Earnings,1013,
2018,Wellington Region,Total Both Sexes,55 to 59,Total Ethnic Groups,Average Weekly Earnings,1472,
2018,Wellington Region,Total Both Sexes,55 to 59,Total Ethnic Groups,Median Weekly Earnings,1151,
2018,Nelson/Tasman/Marlborough/West Coast Regions,Total Both Sexes,55 to 59,Total Ethnic Groups,Average Weekly Earnings,1096,
2018,Nelson/Tasman/Marlborough/West Coast Regions,Total Both Sexes,55 to 59,Total Ethnic Groups,Median Weekly Earnings,779,
2018,Canterbury Region,Total Both Sexes,55 to 59,Total Ethnic Groups,Average Weekly Earnings,1340,
2018,Canterbury Region,Total Both Sexes,55 to 59,Total Ethnic Groups,Median Weekly Earnings,1062,
2018,Otago Region,Total Both Sexes,55 to 59,Total Ethnic Groups,Average Weekly Earnings,1113,
2018,Otago Region,Total Both Sexes,55 to 59,Total Ethnic Groups,Median Weekly Earnings,1021,
2018,Southland Region,Total Both Sexes,55 to 59,Total Ethnic Groups,Average Weekly Earnings,1292,
2018,Southland Region,Total Both Sexes,55 to 59,Total Ethnic Groups,Median Weekly Earnings,882,
2018,Northland Region,Total Both Sexes,60 to 64,Total Ethnic Groups,Average Weekly Earnings,1061,
2018,Northland Region,Total Both Sexes,60 to 64,Total Ethnic Groups,Median Weekly Earnings,959,
2018,Auckland Region,Total Both Sexes,60 to 64,Total Ethnic Groups,Average Weekly Earnings,1372,
2018,Auckland Region,Total Both Sexes,60 to 64,Total Ethnic Groups,Median Weekly Earnings,1151,
2018,Waikato Region,Total Both Sexes,60 to 64,Total Ethnic Groups,Average Weekly Earnings,1175,
2018,Waikato Region,Total Both Sexes,60 to 64,Total Ethnic Groups,Median Weekly Earnings,967,
2018,Bay of Plenty Region,Total Both Sexes,60 to 64,Total Ethnic Groups,Average Weekly Earnings,1364,
2018,Bay of Plenty Region,Total Both Sexes,60 to 64,Total Ethnic Groups,Median Weekly Earnings,997,
2018,Gisborne/Hawkes Bay Regions,Total Both Sexes,60 to 64,Total Ethnic Groups,Average Weekly Earnings,1002,
2018,Gisborne/Hawkes Bay Regions,Total Both Sexes,60 to 64,Total Ethnic Groups,Median Weekly Earnings,959,
2018,Taranaki Region,Total Both Sexes,60 to 64,Total Ethnic Groups,Average Weekly Earnings,1070,
2018,Taranaki Region,Total Both Sexes,60 to 64,Total Ethnic Groups,Median Weekly Earnings,1151,
2018,Manawatu-Wanganui Region,Total Both Sexes,60 to 64,Total Ethnic Groups,Average Weekly Earnings,1042,
2018,Manawatu-Wanganui Region,Total Both Sexes,60 to 64,Total Ethnic Groups,Median Weekly Earnings,999,
2018,Wellington Region,Total Both Sexes,60 to 64,Total Ethnic Groups,Average Weekly Earnings,1480,
2018,Wellington Region,Total Both Sexes,60 to 64,Total Ethnic Groups,Median Weekly Earnings,1247,
2018,Nelson/Tasman/Marlborough/West Coast Regions,Total Both Sexes,60 to 64,Total Ethnic Groups,Average Weekly Earnings,838,
2018,Nelson/Tasman/Marlborough/West Coast Regions,Total Both Sexes,60 to 64,Total Ethnic Groups,Median Weekly Earnings,740,
2018,Canterbury Region,Total Both Sexes,60 to 64,Total Ethnic Groups,Average Weekly Earnings,1101,
2018,Canterbury Region,Total Both Sexes,60 to 64,Total Ethnic Groups,Median Weekly Earnings,1045,
2018,Otago Region,Total Both Sexes,60 to 64,Total Ethnic Groups,Average Weekly Earnings,1146,
2018,Otago Region,Total Both Sexes,60 to 64,Total Ethnic Groups,Median Weekly Earnings,959,
2018,Southland Region,Total Both Sexes,60 to 64,Total Ethnic Groups,Average Weekly Earnings,892,
2018,Southland Region,Total Both Sexes,60 to 64,Total Ethnic Groups,Median Weekly Earnings,781,
2018,Northland Region,Total Both Sexes,65 plus,Total Ethnic Groups,Average Weekly Earnings,972,
2018,Northland Region,Total Both Sexes,65 plus,Total Ethnic Groups,Median Weekly Earnings,614,
2018,Auckland Region,Total Both Sexes,65 plus,Total Ethnic Groups,Average Weekly Earnings,1092,
2018,Auckland Region,Total Both Sexes,65 plus,Total Ethnic Groups,Median Weekly Earnings,930,
2018,Waikato Region,Total Both Sexes,65 plus,Total Ethnic Groups,Average Weekly Earnings,957,
2018,Waikato Region,Total Both Sexes,65 plus,Total Ethnic Groups,Median Weekly Earnings,725,
2018,Bay of Plenty Region,Total Both Sexes,65 plus,Total Ethnic Groups,Average Weekly Earnings,965,
2018,Bay of Plenty Region,Total Both Sexes,65 plus,Total Ethnic Groups,Median Weekly Earnings,575,
2018,Gisborne/Hawkes Bay Regions,Total Both Sexes,65 plus,Total Ethnic Groups,Average Weekly Earnings,1186,
2018,Gisborne/Hawkes Bay Regions,Total Both Sexes,65 plus,Total Ethnic Groups,Median Weekly Earnings,748,
2018,Taranaki Region,Total Both Sexes,65 plus,Total Ethnic Groups,Average Weekly Earnings,1031,
2018,Taranaki Region,Total Both Sexes,65 plus,Total Ethnic Groups,Median Weekly Earnings,460,
2018,Manawatu-Wanganui Region,Total Both Sexes,65 plus,Total Ethnic Groups,Average Weekly Earnings,740,
2018,Manawatu-Wanganui Region,Total Both Sexes,65 plus,Total Ethnic Groups,Median Weekly Earnings,690,
2018,Wellington Region,Total Both Sexes,65 plus,Total Ethnic Groups,Average Weekly Earnings,909,
2018,Wellington Region,Total Both Sexes,65 plus,Total Ethnic Groups,Median Weekly Earnings,706,
2018,Nelson/Tasman/Marlborough/West Coast Regions,Total Both Sexes,65 plus,Total Ethnic Groups,Average Weekly Earnings,850,
2018,Nelson/Tasman/Marlborough/West Coast Regions,Total Both Sexes,65 plus,Total Ethnic Groups,Median Weekly Earnings,671,
2018,Canterbury Region,Total Both Sexes,65 plus,Total Ethnic Groups,Average Weekly Earnings,847,
2018,Canterbury Region,Total Both Sexes,65 plus,Total Ethnic Groups,Median Weekly Earnings,767,
2018,Otago Region,Total Both Sexes,65 plus,Total Ethnic Groups,Average Weekly Earnings,1072,
2018,Otago Region,Total Both Sexes,65 plus,Total Ethnic Groups,Median Weekly Earnings,810,
2018,Southland Region,Total Both Sexes,65 plus,Total Ethnic Groups,Average Weekly Earnings,668,
2018,Southland Region,Total Both Sexes,65 plus,Total Ethnic Groups,Median Weekly Earnings,749,
